{"files":["globallogistics.com_wpvivid-66cdc64f1f112_2024-08-27-12-27_backup_db.sql"],"tables":[{"name":"wp_e_submissions_actions_log","size":16384,"rows":"0"},{"name":"wp_e_submissions_values","size":16384,"rows":"0"},{"name":"wp_frmt_form_reports","size":16384,"rows":"0"},{"name":"wp_actionscheduler_claims","size":32768,"rows":"0"},{"name":"wp_actionscheduler_groups","size":32768,"rows":"2"},{"name":"wp_duplicator_packages","size":32768,"rows":"0"},{"name":"wp_e_events","size":32768,"rows":"0"},{"name":"wp_links","size":32768,"rows":"0"},{"name":"wp_term_relationships","size":32768,"rows":"22"},{"name":"wp_actionscheduler_logs","size":49152,"rows":"206"},{"name":"wp_commentmeta","size":49152,"rows":"0"},{"name":"wp_term_taxonomy","size":49152,"rows":"6"},{"name":"wp_termmeta","size":49152,"rows":"0"},{"name":"wp_terms","size":49152,"rows":"6"},{"name":"wp_usermeta","size":49152,"rows":"69"},{"name":"wp_frmt_form_entry","size":65536,"rows":"2"},{"name":"wp_frmt_form_entry_meta","size":65536,"rows":"12"},{"name":"wp_users","size":65536,"rows":"3"},{"name":"wp_frmt_form_views","size":81920,"rows":"5"},{"name":"wp_comments","size":98304,"rows":"0"},{"name":"wp_actionscheduler_actions","size":163840,"rows":"72"},{"name":"wp_e_submissions","size":262144,"rows":"0"},{"name":"wp_options","size":4292608,"rows":"338"},{"name":"wp_posts","size":6504448,"rows":"336"},{"name":"wp_postmeta","size":12255232,"rows":"1888"}],"dump_db":1,"file_type":"databases","home_url":"http:\/\/globallogistics.com","root_flag":"custom","php_version":"8.1.29","mysql_version":"8.0.16","wp_version":"6.6.1","find_zero_date":1,"file":"globallogistics.com_wpvivid-66cdc64f1f112_2024-08-27-12-27_backup_db.part001.zip"}